{"name":"OwnStore Demo","short_name":"OwnStore Demo","description":"A summary","theme_color":"#ce2e35","background_color":"#FFFFFF","start_url":"/?utm_source=pwa&utm_medium=homescreen","orientation":"portrait","display":"standalone","icons":[{"src":"https://own-store-demo.vercel.app/images/logos/windows11/SmallTile.scale-100.png","sizes":"71x71","purpose":"any"},{"src":"https://own-store-demo.vercel.app/images/logos/windows11/SmallTile.scale-125.png","sizes":"89x89","purpose":"any"},{"src":"https://own-store-demo.vercel.app/images/logos/windows11/SmallTile.scale-150.png","sizes":"107x107","purpose":"any"},{"src":"https://own-store-demo.vercel.app/images/logos/windows11/SmallTile.scale-200.png","sizes":"142x142","purpose":"any"},{"src":"https://own-store-demo.vercel.app/images/logos/windows11/SmallTile.scale-400.png","sizes":"284x284","purpose":"any"},{"src":"https://own-store-demo.vercel.app/images/logos/windows11/Square150x150Logo.scale-100.png","sizes":"150x150","purpose":"any"},{"src":"https://own-store-demo.vercel.app/images/logos/windows11/Square150x150Logo.scale-125.png","sizes":"188x188","purpose":"any"},{"src":"https://own-store-demo.vercel.app/images/logos/windows11/Square150x150Logo.scale-150.png","sizes":"225x225","purpose":"any"},{"src":"https://own-store-demo.vercel.app/images/logos/windows11/Square150x150Logo.scale-200.png","sizes":"300x300","purpose":"any"},{"src":"https://own-store-demo.vercel.app/images/logos/windows11/Square150x150Logo.scale-400.png","sizes":"600x600","purpose":"any"},{"src":"https://own-store-demo.vercel.app/images/logos/windows11/Wide310x150Logo.scale-100.png","sizes":"310x150","purpose":"any"},{"src":"https://own-store-demo.vercel.app/images/logos/windows11/Wide310x150Logo.scale-125.png","sizes":"388x188","purpose":"any"},{"src":"https://own-store-demo.vercel.app/images/logos/windows11/Wide310x150Logo.scale-150.png","sizes":"465x225","purpose":"any"},{"src":"https://own-store-demo.vercel.app/images/logos/windows11/Wide310x150Logo.scale-200.png","sizes":"620x300","purpose":"any"},{"src":"https://own-store-demo.vercel.app/images/logos/windows11/Wide310x150Logo.scale-400.png","sizes":"1240x600","purpose":"any"},{"src":"https://own-store-demo.vercel.app/images/logos/windows11/LargeTile.scale-100.png","sizes":"310x310","purpose":"any"},{"src":"https://own-store-demo.vercel.app/images/logos/windows11/LargeTile.scale-125.png","sizes":"388x388","purpose":"any"},{"src":"https://own-store-demo.vercel.app/images/logos/windows11/LargeTile.scale-150.png","sizes":"465x465","purpose":"any"},{"src":"https://own-store-demo.vercel.app/images/logos/windows11/LargeTile.scale-200.png","sizes":"620x620","purpose":"any"},{"src":"https://own-store-demo.vercel.app/images/logos/windows11/LargeTile.scale-400.png","sizes":"1240x1240","purpose":"any"},{"src":"https://own-store-demo.vercel.app/images/logos/windows11/Square44x44Logo.scale-100.png","sizes":"44x44","purpose":"any"},{"src":"https://own-store-demo.vercel.app/images/logos/windows11/Square44x44Logo.scale-125.png","sizes":"55x55","purpose":"any"},{"src":"https://own-store-demo.vercel.app/images/logos/windows11/Square44x44Logo.scale-150.png","sizes":"66x66","purpose":"any"},{"src":"https://own-store-demo.vercel.app/images/logos/windows11/Square44x44Logo.scale-200.png","sizes":"88x88","purpose":"any"},{"src":"https://own-store-demo.vercel.app/images/logos/windows11/Square44x44Logo.scale-400.png","sizes":"176x176","purpose":"any"},{"src":"https://own-store-demo.vercel.app/images/logos/windows11/StoreLogo.scale-100.png","sizes":"50x50","purpose":"any"},{"src":"https://own-store-demo.vercel.app/images/logos/windows11/StoreLogo.scale-125.png","sizes":"63x63","purpose":"any"},{"src":"https://own-store-demo.vercel.app/images/logos/windows11/StoreLogo.scale-150.png","sizes":"75x75","purpose":"any"},{"src":"https://own-store-demo.vercel.app/images/logos/windows11/StoreLogo.scale-200.png","sizes":"100x100","purpose":"any"},{"src":"https://own-store-demo.vercel.app/images/logos/windows11/StoreLogo.scale-400.png","sizes":"200x200","purpose":"any"},{"src":"https://own-store-demo.vercel.app/images/logos/windows11/SplashScreen.scale-100.png","sizes":"620x300","purpose":"any"},{"src":"https://own-store-demo.vercel.app/images/logos/windows11/SplashScreen.scale-125.png","sizes":"775x375","purpose":"any"},{"src":"https://own-store-demo.vercel.app/images/logos/windows11/SplashScreen.scale-150.png","sizes":"930x450","purpose":"any"},{"src":"https://own-store-demo.vercel.app/images/logos/windows11/SplashScreen.scale-200.png","sizes":"1240x600","purpose":"any"},{"src":"https://own-store-demo.vercel.app/images/logos/windows11/SplashScreen.scale-400.png","sizes":"2480x1200","purpose":"any"},{"src":"https://own-store-demo.vercel.app/images/logos/windows11/Square44x44Logo.targetsize-16.png","sizes":"16x16","purpose":"any"},{"src":"https://own-store-demo.vercel.app/images/logos/windows11/Square44x44Logo.targetsize-20.png","sizes":"20x20","purpose":"any"},{"src":"https://own-store-demo.vercel.app/images/logos/windows11/Square44x44Logo.targetsize-24.png","sizes":"24x24","purpose":"any"},{"src":"https://own-store-demo.vercel.app/images/logos/windows11/Square44x44Logo.targetsize-30.png","sizes":"30x30","purpose":"any"},{"src":"https://own-store-demo.vercel.app/images/logos/windows11/Square44x44Logo.targetsize-32.png","sizes":"32x32","purpose":"any"},{"src":"https://own-store-demo.vercel.app/images/logos/windows11/Square44x44Logo.targetsize-36.png","sizes":"36x36","purpose":"any"},{"src":"https://own-store-demo.vercel.app/images/logos/windows11/Square44x44Logo.targetsize-40.png","sizes":"40x40","purpose":"any"},{"src":"https://own-store-demo.vercel.app/images/logos/windows11/Square44x44Logo.targetsize-44.png","sizes":"44x44","purpose":"any"},{"src":"https://own-store-demo.vercel.app/images/logos/windows11/Square44x44Logo.targetsize-48.png","sizes":"48x48","purpose":"any"},{"src":"https://own-store-demo.vercel.app/images/logos/windows11/Square44x44Logo.targetsize-60.png","sizes":"60x60","purpose":"any"},{"src":"https://own-store-demo.vercel.app/images/logos/windows11/Square44x44Logo.targetsize-64.png","sizes":"64x64","purpose":"any"},{"src":"https://own-store-demo.vercel.app/images/logos/windows11/Square44x44Logo.targetsize-72.png","sizes":"72x72","purpose":"any"},{"src":"https://own-store-demo.vercel.app/images/logos/windows11/Square44x44Logo.targetsize-80.png","sizes":"80x80","purpose":"any"},{"src":"https://own-store-demo.vercel.app/images/logos/windows11/Square44x44Logo.targetsize-96.png","sizes":"96x96","purpose":"any"},{"src":"https://own-store-demo.vercel.app/images/logos/windows11/Square44x44Logo.targetsize-256.png","sizes":"256x256","purpose":"any"},{"src":"https://own-store-demo.vercel.app/images/logos/windows11/Square44x44Logo.altform-unplated_targetsize-16.png","sizes":"16x16","purpose":"any"},{"src":"https://own-store-demo.vercel.app/images/logos/windows11/Square44x44Logo.altform-unplated_targetsize-20.png","sizes":"20x20","purpose":"any"},{"src":"https://own-store-demo.vercel.app/images/logos/windows11/Square44x44Logo.altform-unplated_targetsize-24.png","sizes":"24x24","purpose":"any"},{"src":"https://own-store-demo.vercel.app/images/logos/windows11/Square44x44Logo.altform-unplated_targetsize-30.png","sizes":"30x30","purpose":"any"},{"src":"https://own-store-demo.vercel.app/images/logos/windows11/Square44x44Logo.altform-unplated_targetsize-32.png","sizes":"32x32","purpose":"any"},{"src":"https://own-store-demo.vercel.app/images/logos/windows11/Square44x44Logo.altform-unplated_targetsize-36.png","sizes":"36x36","purpose":"any"},{"src":"https://own-store-demo.vercel.app/images/logos/windows11/Square44x44Logo.altform-unplated_targetsize-40.png","sizes":"40x40","purpose":"any"},{"src":"https://own-store-demo.vercel.app/images/logos/windows11/Square44x44Logo.altform-unplated_targetsize-44.png","sizes":"44x44","purpose":"any"},{"src":"https://own-store-demo.vercel.app/images/logos/windows11/Square44x44Logo.altform-unplated_targetsize-48.png","sizes":"48x48","purpose":"any"},{"src":"https://own-store-demo.vercel.app/images/logos/windows11/Square44x44Logo.altform-unplated_targetsize-60.png","sizes":"60x60","purpose":"any"},{"src":"https://own-store-demo.vercel.app/images/logos/windows11/Square44x44Logo.altform-unplated_targetsize-64.png","sizes":"64x64","purpose":"any"},{"src":"https://own-store-demo.vercel.app/images/logos/windows11/Square44x44Logo.altform-unplated_targetsize-72.png","sizes":"72x72","purpose":"any"},{"src":"https://own-store-demo.vercel.app/images/logos/windows11/Square44x44Logo.altform-unplated_targetsize-80.png","sizes":"80x80","purpose":"any"},{"src":"https://own-store-demo.vercel.app/images/logos/windows11/Square44x44Logo.altform-unplated_targetsize-96.png","sizes":"96x96","purpose":"any"},{"src":"https://own-store-demo.vercel.app/images/logos/windows11/Square44x44Logo.altform-unplated_targetsize-256.png","sizes":"256x256","purpose":"any"},{"src":"https://own-store-demo.vercel.app/images/logos/windows11/Square44x44Logo.altform-lightunplated_targetsize-16.png","sizes":"16x16","purpose":"any"},{"src":"https://own-store-demo.vercel.app/images/logos/windows11/Square44x44Logo.altform-lightunplated_targetsize-20.png","sizes":"20x20","purpose":"any"},{"src":"https://own-store-demo.vercel.app/images/logos/windows11/Square44x44Logo.altform-lightunplated_targetsize-24.png","sizes":"24x24","purpose":"any"},{"src":"https://own-store-demo.vercel.app/images/logos/windows11/Square44x44Logo.altform-lightunplated_targetsize-30.png","sizes":"30x30","purpose":"any"},{"src":"https://own-store-demo.vercel.app/images/logos/windows11/Square44x44Logo.altform-lightunplated_targetsize-32.png","sizes":"32x32","purpose":"any"},{"src":"https://own-store-demo.vercel.app/images/logos/windows11/Square44x44Logo.altform-lightunplated_targetsize-36.png","sizes":"36x36","purpose":"any"},{"src":"https://own-store-demo.vercel.app/images/logos/windows11/Square44x44Logo.altform-lightunplated_targetsize-40.png","sizes":"40x40","purpose":"any"},{"src":"https://own-store-demo.vercel.app/images/logos/windows11/Square44x44Logo.altform-lightunplated_targetsize-44.png","sizes":"44x44","purpose":"any"},{"src":"https://own-store-demo.vercel.app/images/logos/windows11/Square44x44Logo.altform-lightunplated_targetsize-48.png","sizes":"48x48","purpose":"any"},{"src":"https://own-store-demo.vercel.app/images/logos/windows11/Square44x44Logo.altform-lightunplated_targetsize-60.png","sizes":"60x60","purpose":"any"},{"src":"https://own-store-demo.vercel.app/images/logos/windows11/Square44x44Logo.altform-lightunplated_targetsize-64.png","sizes":"64x64","purpose":"any"},{"src":"https://own-store-demo.vercel.app/images/logos/windows11/Square44x44Logo.altform-lightunplated_targetsize-72.png","sizes":"72x72","purpose":"any"},{"src":"https://own-store-demo.vercel.app/images/logos/windows11/Square44x44Logo.altform-lightunplated_targetsize-80.png","sizes":"80x80","purpose":"any"},{"src":"https://own-store-demo.vercel.app/images/logos/windows11/Square44x44Logo.altform-lightunplated_targetsize-96.png","sizes":"96x96","purpose":"any"},{"src":"https://own-store-demo.vercel.app/images/logos/windows11/Square44x44Logo.altform-lightunplated_targetsize-256.png","sizes":"256x256","purpose":"any"},{"src":"https://own-store-demo.vercel.app/images/logos/android/android-launchericon-512-512.png","sizes":"512x512","purpose":"any"},{"src":"https://own-store-demo.vercel.app/images/logos/android/android-launchericon-192-192.png","sizes":"192x192","purpose":"any"},{"src":"https://own-store-demo.vercel.app/images/logos/android/android-launchericon-144-144.png","sizes":"144x144","purpose":"any"},{"src":"https://own-store-demo.vercel.app/images/logos/android/android-launchericon-96-96.png","sizes":"96x96","purpose":"any"},{"src":"https://own-store-demo.vercel.app/images/logos/android/android-launchericon-72-72.png","sizes":"72x72","purpose":"any"},{"src":"https://own-store-demo.vercel.app/images/logos/android/android-launchericon-48-48.png","sizes":"48x48","purpose":"any"},{"src":"https://own-store-demo.vercel.app/images/logos/ios/16.png","sizes":"16x16","purpose":"any"},{"src":"https://own-store-demo.vercel.app/images/logos/ios/20.png","sizes":"20x20","purpose":"any"},{"src":"https://own-store-demo.vercel.app/images/logos/ios/29.png","sizes":"29x29","purpose":"any"},{"src":"https://own-store-demo.vercel.app/images/logos/ios/32.png","sizes":"32x32","purpose":"any"},{"src":"https://own-store-demo.vercel.app/images/logos/ios/40.png","sizes":"40x40","purpose":"any"},{"src":"https://own-store-demo.vercel.app/images/logos/ios/50.png","sizes":"50x50","purpose":"any"},{"src":"https://own-store-demo.vercel.app/images/logos/ios/57.png","sizes":"57x57","purpose":"any"},{"src":"https://own-store-demo.vercel.app/images/logos/ios/58.png","sizes":"58x58","purpose":"any"},{"src":"https://own-store-demo.vercel.app/images/logos/ios/60.png","sizes":"60x60","purpose":"any"},{"src":"https://own-store-demo.vercel.app/images/logos/ios/64.png","sizes":"64x64","purpose":"any"},{"src":"https://own-store-demo.vercel.app/images/logos/ios/72.png","sizes":"72x72","purpose":"any"},{"src":"https://own-store-demo.vercel.app/images/logos/ios/76.png","sizes":"76x76","purpose":"any"},{"src":"https://own-store-demo.vercel.app/images/logos/ios/80.png","sizes":"80x80","purpose":"any"},{"src":"https://own-store-demo.vercel.app/images/logos/ios/87.png","sizes":"87x87","purpose":"any"},{"src":"https://own-store-demo.vercel.app/images/logos/ios/100.png","sizes":"100x100","purpose":"any"},{"src":"https://own-store-demo.vercel.app/images/logos/ios/114.png","sizes":"114x114","purpose":"any"},{"src":"https://own-store-demo.vercel.app/images/logos/ios/120.png","sizes":"120x120","purpose":"any"},{"src":"https://own-store-demo.vercel.app/images/logos/ios/128.png","sizes":"128x128","purpose":"any"},{"src":"https://own-store-demo.vercel.app/images/logos/ios/144.png","sizes":"144x144","purpose":"any"},{"src":"https://own-store-demo.vercel.app/images/logos/ios/152.png","sizes":"152x152","purpose":"any"},{"src":"https://own-store-demo.vercel.app/images/logos/ios/167.png","sizes":"167x167","purpose":"any"},{"src":"https://own-store-demo.vercel.app/images/logos/ios/180.png","sizes":"180x180","purpose":"any"},{"src":"https://own-store-demo.vercel.app/images/logos/ios/192.png","sizes":"192x192","purpose":"any"},{"src":"https://own-store-demo.vercel.app/images/logos/ios/256.png","sizes":"256x256","purpose":"any"},{"src":"https://own-store-demo.vercel.app/images/logos/ios/512.png","sizes":"512x512","purpose":"any"},{"src":"https://own-store-demo.vercel.app/images/logos/ios/1024.png","sizes":"1024x1024","purpose":"any"}],"screenshots":[{"src":"https://own-store-demo.vercel.app/images/screenshots/screenshot-1.png","type":"image/png","sizes":"750x1364"},{"src":"https://own-store-demo.vercel.app/images/screenshots/screenshot-1.png","type":"image/png","sizes":"750x1364"}],"shortcuts":[{"name":"Search","short_name":"Search","url":"/search?utm_source=pwa&utm_medium=shortcut","icons":[{"src":"https://own-store-demo.vercel.app/images/logos/android-icon-192x192.png","sizes":"192x192"}]},{"name":"Catalogues","short_name":"Catalogues","url":"/catalogue?utm_source=pwa&utm_medium=shortcut","icons":[{"src":"https://own-store-demo.vercel.app/images/logos/android-icon-192x192.png","sizes":"192x192"}]}],"prefer_related_applications":false,"related_applications":[],"categories":["shopping"]}